,episodes,chosen_conf_index,chosen_conf,chosen_conf_index_in_labels,number_of_requests,avg_response_time,cost
0,1,35,<pyews.server_abstractions.Configuration object at 0x0000018BF9830490>,11,36,-2,-2
1,2,35,<pyews.server_abstractions.Configuration object at 0x0000018BF9830490>,11,37,-2,-2
2,3,35,<pyews.server_abstractions.Configuration object at 0x0000018BF9830490>,11,35,-2,-2
3,4,0,<pyews.server_abstractions.Configuration object at 0x0000018BF34F4730>,1,32,-2,-2
4,5,35,<pyews.server_abstractions.Configuration object at 0x0000018BF9830490>,11,37,-2,-2
5,6,0,<pyews.server_abstractions.Configuration object at 0x0000018BF34F4730>,1,37,-2,-2
6,7,35,<pyews.server_abstractions.Configuration object at 0x0000018BF9830490>,11,36,-2,-2
7,8,35,<pyews.server_abstractions.Configuration object at 0x0000018BF9830490>,11,35,-2,-2
8,9,35,<pyews.server_abstractions.Configuration object at 0x0000018BF9830490>,11,38,-2,-2
9,10,35,<pyews.server_abstractions.Configuration object at 0x0000018BF9830490>,11,35,-2,-2
10,11,35,<pyews.server_abstractions.Configuration object at 0x0000018BF9830490>,11,38,-2,-2
11,12,35,<pyews.server_abstractions.Configuration object at 0x0000018BF9830490>,11,37,-2,-2
12,13,35,<pyews.server_abstractions.Configuration object at 0x0000018BF9830490>,11,35,-2,-2
13,14,35,<pyews.server_abstractions.Configuration object at 0x0000018BF9830490>,11,35,-2,-2
14,15,35,<pyews.server_abstractions.Configuration object at 0x0000018BF9830490>,11,37,-2,-2
15,16,35,<pyews.server_abstractions.Configuration object at 0x0000018BF9830490>,11,36,-2,-2
16,17,35,<pyews.server_abstractions.Configuration object at 0x0000018BF9830490>,11,36,-2,-2
17,18,35,<pyews.server_abstractions.Configuration object at 0x0000018BF9830490>,11,38,-2,-2
18,19,35,<pyews.server_abstractions.Configuration object at 0x0000018BF9830490>,11,37,-2,-2
19,20,35,<pyews.server_abstractions.Configuration object at 0x0000018BF9830490>,11,35,-2,-2
20,21,35,<pyews.server_abstractions.Configuration object at 0x0000018BF9830490>,11,36,-2,-2
21,22,35,<pyews.server_abstractions.Configuration object at 0x0000018BF9830490>,11,38,-2,-2
22,23,35,<pyews.server_abstractions.Configuration object at 0x0000018BF9830490>,11,40,-2,-2
23,24,35,<pyews.server_abstractions.Configuration object at 0x0000018BF9830490>,11,36,-2,-2
24,25,35,<pyews.server_abstractions.Configuration object at 0x0000018BF9830490>,11,38,-2,-2
25,26,35,<pyews.server_abstractions.Configuration object at 0x0000018BF9830490>,11,37,-2,-2
26,27,35,<pyews.server_abstractions.Configuration object at 0x0000018BF9830490>,11,37,-2,-2
27,28,35,<pyews.server_abstractions.Configuration object at 0x0000018BF9830490>,11,36,-2,-2
28,29,35,<pyews.server_abstractions.Configuration object at 0x0000018BF9830490>,11,38,-2,-2
29,30,35,<pyews.server_abstractions.Configuration object at 0x0000018BF9830490>,11,37,-2,-2
30,31,35,<pyews.server_abstractions.Configuration object at 0x0000018BF9830490>,11,38,-2,-2
31,32,35,<pyews.server_abstractions.Configuration object at 0x0000018BF9830490>,11,37,-2,-2
32,33,35,<pyews.server_abstractions.Configuration object at 0x0000018BF9830490>,11,37,-2,-2
33,34,35,<pyews.server_abstractions.Configuration object at 0x0000018BF9830490>,11,36,-2,-2
34,35,35,<pyews.server_abstractions.Configuration object at 0x0000018BF9830490>,11,36,-2,-2
35,36,35,<pyews.server_abstractions.Configuration object at 0x0000018BF9830490>,11,37,-2,-2
36,37,35,<pyews.server_abstractions.Configuration object at 0x0000018BF9830490>,11,36,-2,-2
37,38,35,<pyews.server_abstractions.Configuration object at 0x0000018BF9830490>,11,35,-2,-2
38,39,35,<pyews.server_abstractions.Configuration object at 0x0000018BF9830490>,11,37,-2,-2
39,40,35,<pyews.server_abstractions.Configuration object at 0x0000018BF9830490>,11,38,-2,-2
40,41,35,<pyews.server_abstractions.Configuration object at 0x0000018BF9830490>,11,37,-2,-2
41,42,35,<pyews.server_abstractions.Configuration object at 0x0000018BF9830490>,11,38,-2,-2
42,43,35,<pyews.server_abstractions.Configuration object at 0x0000018BF9830490>,11,37,-2,-2
43,44,35,<pyews.server_abstractions.Configuration object at 0x0000018BF9830490>,11,37,-2,-2
44,45,35,<pyews.server_abstractions.Configuration object at 0x0000018BF9830490>,11,37,-2,-2
45,46,35,<pyews.server_abstractions.Configuration object at 0x0000018BF9830490>,11,38,-2,-2
46,47,35,<pyews.server_abstractions.Configuration object at 0x0000018BF9830490>,11,37,-2,-2
47,48,35,<pyews.server_abstractions.Configuration object at 0x0000018BF9830490>,11,36,-2,-2
48,49,35,<pyews.server_abstractions.Configuration object at 0x0000018BF9830490>,11,39,-2,-2
49,50,35,<pyews.server_abstractions.Configuration object at 0x0000018BF9830490>,11,37,-2,-2
50,51,35,<pyews.server_abstractions.Configuration object at 0x0000018BF9830490>,11,38,-2,-2
51,52,35,<pyews.server_abstractions.Configuration object at 0x0000018BF9830490>,11,36,-2,-2
52,53,35,<pyews.server_abstractions.Configuration object at 0x0000018BF9830490>,11,36,-2,-2
53,54,35,<pyews.server_abstractions.Configuration object at 0x0000018BF9830490>,11,36,-2,-2
54,55,35,<pyews.server_abstractions.Configuration object at 0x0000018BF9830490>,11,36,-2,-2
55,56,35,<pyews.server_abstractions.Configuration object at 0x0000018BF9830490>,11,37,-2,-2
56,57,35,<pyews.server_abstractions.Configuration object at 0x0000018BF9830490>,11,36,-2,-2
57,58,35,<pyews.server_abstractions.Configuration object at 0x0000018BF9830490>,11,36,-2,-2
58,59,35,<pyews.server_abstractions.Configuration object at 0x0000018BF9830490>,11,35,-2,-2
59,60,35,<pyews.server_abstractions.Configuration object at 0x0000018BF9830490>,11,38,-2,-2
60,61,35,<pyews.server_abstractions.Configuration object at 0x0000018BF9830490>,11,36,-2,-2
61,62,35,<pyews.server_abstractions.Configuration object at 0x0000018BF9830490>,11,36,-2,-2
62,63,35,<pyews.server_abstractions.Configuration object at 0x0000018BF9830490>,11,37,-2,-2
63,64,35,<pyews.server_abstractions.Configuration object at 0x0000018BF9830490>,11,38,-2,-2
64,65,35,<pyews.server_abstractions.Configuration object at 0x0000018BF9830490>,11,37,-2,-2
65,66,35,<pyews.server_abstractions.Configuration object at 0x0000018BF9830490>,11,36,-2,-2
66,67,0,<pyews.server_abstractions.Configuration object at 0x0000018BF34F4730>,1,35,-2,-2
67,68,35,<pyews.server_abstractions.Configuration object at 0x0000018BF9830490>,11,35,-2,-2
68,69,0,<pyews.server_abstractions.Configuration object at 0x0000018BF34F4730>,1,38,-2,-2
69,70,0,<pyews.server_abstractions.Configuration object at 0x0000018BF34F4730>,1,39,-2,-2
70,71,0,<pyews.server_abstractions.Configuration object at 0x0000018BF34F4730>,1,37,-2,-2
71,72,0,<pyews.server_abstractions.Configuration object at 0x0000018BF34F4730>,1,36,-2,-2
72,73,0,<pyews.server_abstractions.Configuration object at 0x0000018BF34F4730>,1,38,-2,-2
73,74,0,<pyews.server_abstractions.Configuration object at 0x0000018BF34F4730>,1,36,-2,-2
74,75,0,<pyews.server_abstractions.Configuration object at 0x0000018BF34F4730>,1,36,-2,-2
75,76,0,<pyews.server_abstractions.Configuration object at 0x0000018BF34F4730>,1,38,-2,-2
76,77,0,<pyews.server_abstractions.Configuration object at 0x0000018BF34F4730>,1,37,-2,-2
77,78,0,<pyews.server_abstractions.Configuration object at 0x0000018BF34F4730>,1,37,-2,-2
78,79,0,<pyews.server_abstractions.Configuration object at 0x0000018BF34F4730>,1,39,-2,-2
79,80,0,<pyews.server_abstractions.Configuration object at 0x0000018BF34F4730>,1,37,-2,-2
80,81,0,<pyews.server_abstractions.Configuration object at 0x0000018BF34F4730>,1,38,-2,-2
81,82,0,<pyews.server_abstractions.Configuration object at 0x0000018BF34F4730>,1,35,-2,-2
82,83,0,<pyews.server_abstractions.Configuration object at 0x0000018BF34F4730>,1,38,-2,-2
83,84,0,<pyews.server_abstractions.Configuration object at 0x0000018BF34F4730>,1,36,-2,-2
84,85,35,<pyews.server_abstractions.Configuration object at 0x0000018BF9830490>,11,37,-2,-2
85,86,35,<pyews.server_abstractions.Configuration object at 0x0000018BF9830490>,11,38,-2,-2
86,87,35,<pyews.server_abstractions.Configuration object at 0x0000018BF9830490>,11,37,-2,-2
87,88,35,<pyews.server_abstractions.Configuration object at 0x0000018BF9830490>,11,37,-2,-2
88,89,35,<pyews.server_abstractions.Configuration object at 0x0000018BF9830490>,11,37,-2,-2
89,90,35,<pyews.server_abstractions.Configuration object at 0x0000018BF9830490>,11,37,-2,-2
90,91,35,<pyews.server_abstractions.Configuration object at 0x0000018BF9830490>,11,37,-2,-2
91,92,35,<pyews.server_abstractions.Configuration object at 0x0000018BF9830490>,11,39,-2,-2
92,93,35,<pyews.server_abstractions.Configuration object at 0x0000018BF9830490>,11,36,-2,-2
93,94,35,<pyews.server_abstractions.Configuration object at 0x0000018BF9830490>,11,39,-2,-2
94,95,35,<pyews.server_abstractions.Configuration object at 0x0000018BF9830490>,11,36,-2,-2
95,96,35,<pyews.server_abstractions.Configuration object at 0x0000018BF9830490>,11,36,-2,-2
96,97,35,<pyews.server_abstractions.Configuration object at 0x0000018BF9830490>,11,37,-2,-2
97,98,35,<pyews.server_abstractions.Configuration object at 0x0000018BF9830490>,11,35,-2,-2
98,99,35,<pyews.server_abstractions.Configuration object at 0x0000018BF9830490>,11,36,-2,-2
99,100,35,<pyews.server_abstractions.Configuration object at 0x0000018BF9830490>,11,34,-2,-2
100,101,35,<pyews.server_abstractions.Configuration object at 0x0000018BF9830490>,11,38,-2,-2
101,102,35,<pyews.server_abstractions.Configuration object at 0x0000018BF9830490>,11,37,-2,-2
102,103,35,<pyews.server_abstractions.Configuration object at 0x0000018BF9830490>,11,37,-2,-2
103,104,35,<pyews.server_abstractions.Configuration object at 0x0000018BF9830490>,11,37,-2,-2
104,105,35,<pyews.server_abstractions.Configuration object at 0x0000018BF9830490>,11,35,-2,-2
105,106,35,<pyews.server_abstractions.Configuration object at 0x0000018BF9830490>,11,39,-2,-2
106,107,35,<pyews.server_abstractions.Configuration object at 0x0000018BF9830490>,11,37,-2,-2
107,108,35,<pyews.server_abstractions.Configuration object at 0x0000018BF9830490>,11,37,-2,-2
108,109,35,<pyews.server_abstractions.Configuration object at 0x0000018BF9830490>,11,38,-2,-2
109,110,35,<pyews.server_abstractions.Configuration object at 0x0000018BF9830490>,11,36,-2,-2
110,111,35,<pyews.server_abstractions.Configuration object at 0x0000018BF9830490>,11,38,-2,-2
111,112,35,<pyews.server_abstractions.Configuration object at 0x0000018BF9830490>,11,35,-2,-2
112,113,35,<pyews.server_abstractions.Configuration object at 0x0000018BF9830490>,11,38,-2,-2
113,114,35,<pyews.server_abstractions.Configuration object at 0x0000018BF9830490>,11,38,-2,-2
114,115,35,<pyews.server_abstractions.Configuration object at 0x0000018BF9830490>,11,35,-2,-2
115,116,35,<pyews.server_abstractions.Configuration object at 0x0000018BF9830490>,11,35,-2,-2
116,117,35,<pyews.server_abstractions.Configuration object at 0x0000018BF9830490>,11,38,-2,-2
117,118,35,<pyews.server_abstractions.Configuration object at 0x0000018BF9830490>,11,38,-2,-2
118,119,35,<pyews.server_abstractions.Configuration object at 0x0000018BF9830490>,11,37,-2,-2
119,120,35,<pyews.server_abstractions.Configuration object at 0x0000018BF9830490>,11,36,-2,-2
120,121,35,<pyews.server_abstractions.Configuration object at 0x0000018BF9830490>,11,36,-2,-2
121,122,35,<pyews.server_abstractions.Configuration object at 0x0000018BF9830490>,11,36,-2,-2
122,123,35,<pyews.server_abstractions.Configuration object at 0x0000018BF9830490>,11,36,-2,-2
123,124,35,<pyews.server_abstractions.Configuration object at 0x0000018BF9830490>,11,37,-2,-2
124,125,35,<pyews.server_abstractions.Configuration object at 0x0000018BF9830490>,11,38,-2,-2
125,126,35,<pyews.server_abstractions.Configuration object at 0x0000018BF9830490>,11,37,-2,-2
126,127,35,<pyews.server_abstractions.Configuration object at 0x0000018BF9830490>,11,37,-2,-2
127,128,35,<pyews.server_abstractions.Configuration object at 0x0000018BF9830490>,11,37,-2,-2
128,129,35,<pyews.server_abstractions.Configuration object at 0x0000018BF9830490>,11,36,-2,-2
129,130,35,<pyews.server_abstractions.Configuration object at 0x0000018BF9830490>,11,36,-2,-2
130,131,35,<pyews.server_abstractions.Configuration object at 0x0000018BF9830490>,11,39,-2,-2
131,132,35,<pyews.server_abstractions.Configuration object at 0x0000018BF9830490>,11,36,-2,-2
132,133,35,<pyews.server_abstractions.Configuration object at 0x0000018BF9830490>,11,37,-2,-2
133,134,35,<pyews.server_abstractions.Configuration object at 0x0000018BF9830490>,11,37,-2,-2
134,135,35,<pyews.server_abstractions.Configuration object at 0x0000018BF9830490>,11,36,-2,-2
135,136,35,<pyews.server_abstractions.Configuration object at 0x0000018BF9830490>,11,36,-2,-2
136,137,35,<pyews.server_abstractions.Configuration object at 0x0000018BF9830490>,11,39,-2,-2
137,138,35,<pyews.server_abstractions.Configuration object at 0x0000018BF9830490>,11,38,-2,-2
138,139,35,<pyews.server_abstractions.Configuration object at 0x0000018BF9830490>,11,38,-2,-2
139,140,35,<pyews.server_abstractions.Configuration object at 0x0000018BF9830490>,11,39,-2,-2
140,141,35,<pyews.server_abstractions.Configuration object at 0x0000018BF9830490>,11,35,-2,-2
141,142,35,<pyews.server_abstractions.Configuration object at 0x0000018BF9830490>,11,38,-2,-2
142,143,35,<pyews.server_abstractions.Configuration object at 0x0000018BF9830490>,11,37,-2,-2
143,144,35,<pyews.server_abstractions.Configuration object at 0x0000018BF9830490>,11,37,-2,-2
144,145,35,<pyews.server_abstractions.Configuration object at 0x0000018BF9830490>,11,35,-2,-2
145,146,35,<pyews.server_abstractions.Configuration object at 0x0000018BF9830490>,11,37,-2,-2
146,147,35,<pyews.server_abstractions.Configuration object at 0x0000018BF9830490>,11,36,-2,-2
147,148,35,<pyews.server_abstractions.Configuration object at 0x0000018BF9830490>,11,39,-2,-2
148,149,35,<pyews.server_abstractions.Configuration object at 0x0000018BF9830490>,11,38,-2,-2
149,150,35,<pyews.server_abstractions.Configuration object at 0x0000018BF9830490>,11,36,-2,-2
150,151,35,<pyews.server_abstractions.Configuration object at 0x0000018BF9830490>,11,36,-2,-2
151,152,35,<pyews.server_abstractions.Configuration object at 0x0000018BF9830490>,11,40,-2,-2
152,153,35,<pyews.server_abstractions.Configuration object at 0x0000018BF9830490>,11,38,-2,-2
153,154,35,<pyews.server_abstractions.Configuration object at 0x0000018BF9830490>,11,37,-2,-2
154,155,35,<pyews.server_abstractions.Configuration object at 0x0000018BF9830490>,11,35,-2,-2
155,156,35,<pyews.server_abstractions.Configuration object at 0x0000018BF9830490>,11,37,-2,-2
156,157,35,<pyews.server_abstractions.Configuration object at 0x0000018BF9830490>,11,36,-2,-2
157,158,35,<pyews.server_abstractions.Configuration object at 0x0000018BF9830490>,11,36,-2,-2
158,159,35,<pyews.server_abstractions.Configuration object at 0x0000018BF9830490>,11,37,-2,-2
159,160,35,<pyews.server_abstractions.Configuration object at 0x0000018BF9830490>,11,39,-2,-2
160,161,35,<pyews.server_abstractions.Configuration object at 0x0000018BF9830490>,11,36,-2,-2
161,162,35,<pyews.server_abstractions.Configuration object at 0x0000018BF9830490>,11,39,-2,-2
162,163,35,<pyews.server_abstractions.Configuration object at 0x0000018BF9830490>,11,36,-2,-2
163,164,35,<pyews.server_abstractions.Configuration object at 0x0000018BF9830490>,11,38,-2,-2
164,165,35,<pyews.server_abstractions.Configuration object at 0x0000018BF9830490>,11,36,-2,-2
165,166,35,<pyews.server_abstractions.Configuration object at 0x0000018BF9830490>,11,39,-2,-2
166,167,35,<pyews.server_abstractions.Configuration object at 0x0000018BF9830490>,11,38,-2,-2
167,168,35,<pyews.server_abstractions.Configuration object at 0x0000018BF9830490>,11,37,-2,-2
168,169,35,<pyews.server_abstractions.Configuration object at 0x0000018BF9830490>,11,35,-2,-2
169,170,35,<pyews.server_abstractions.Configuration object at 0x0000018BF9830490>,11,38,-2,-2
170,171,35,<pyews.server_abstractions.Configuration object at 0x0000018BF9830490>,11,37,-2,-2
171,172,35,<pyews.server_abstractions.Configuration object at 0x0000018BF9830490>,11,36,-2,-2
172,173,35,<pyews.server_abstractions.Configuration object at 0x0000018BF9830490>,11,36,-2,-2
173,174,35,<pyews.server_abstractions.Configuration object at 0x0000018BF9830490>,11,37,-2,-2
174,175,35,<pyews.server_abstractions.Configuration object at 0x0000018BF9830490>,11,36,-2,-2
175,176,35,<pyews.server_abstractions.Configuration object at 0x0000018BF9830490>,11,36,-2,-2
176,177,35,<pyews.server_abstractions.Configuration object at 0x0000018BF9830490>,11,38,-2,-2
177,178,35,<pyews.server_abstractions.Configuration object at 0x0000018BF9830490>,11,36,-2,-2
178,179,35,<pyews.server_abstractions.Configuration object at 0x0000018BF9830490>,11,37,-2,-2
179,180,35,<pyews.server_abstractions.Configuration object at 0x0000018BF9830490>,11,38,-2,-2
180,181,35,<pyews.server_abstractions.Configuration object at 0x0000018BF9830490>,11,41,-2,-2
181,182,35,<pyews.server_abstractions.Configuration object at 0x0000018BF9830490>,11,36,-2,-2
182,183,35,<pyews.server_abstractions.Configuration object at 0x0000018BF9830490>,11,40,-2,-2
183,184,35,<pyews.server_abstractions.Configuration object at 0x0000018BF9830490>,11,37,-2,-2
184,185,35,<pyews.server_abstractions.Configuration object at 0x0000018BF9830490>,11,39,-2,-2
185,186,35,<pyews.server_abstractions.Configuration object at 0x0000018BF9830490>,11,36,-2,-2
186,187,35,<pyews.server_abstractions.Configuration object at 0x0000018BF9830490>,11,36,-2,-2
187,188,35,<pyews.server_abstractions.Configuration object at 0x0000018BF9830490>,11,38,-2,-2
188,189,35,<pyews.server_abstractions.Configuration object at 0x0000018BF9830490>,11,38,-2,-2
189,190,35,<pyews.server_abstractions.Configuration object at 0x0000018BF9830490>,11,37,-2,-2
190,191,35,<pyews.server_abstractions.Configuration object at 0x0000018BF9830490>,11,38,-2,-2
191,192,35,<pyews.server_abstractions.Configuration object at 0x0000018BF9830490>,11,36,-2,-2
192,193,35,<pyews.server_abstractions.Configuration object at 0x0000018BF9830490>,11,37,-2,-2
193,194,35,<pyews.server_abstractions.Configuration object at 0x0000018BF9830490>,11,35,-2,-2
194,195,35,<pyews.server_abstractions.Configuration object at 0x0000018BF9830490>,11,35,-2,-2
195,196,35,<pyews.server_abstractions.Configuration object at 0x0000018BF9830490>,11,36,-2,-2
196,197,35,<pyews.server_abstractions.Configuration object at 0x0000018BF9830490>,11,36,-2,-2
197,198,35,<pyews.server_abstractions.Configuration object at 0x0000018BF9830490>,11,36,-2,-2
198,199,35,<pyews.server_abstractions.Configuration object at 0x0000018BF9830490>,11,39,-2,-2
199,200,35,<pyews.server_abstractions.Configuration object at 0x0000018BF9830490>,11,34,-2,-2
200,201,35,<pyews.server_abstractions.Configuration object at 0x0000018BF9830490>,11,35,-2,-2
201,202,35,<pyews.server_abstractions.Configuration object at 0x0000018BF9830490>,11,37,-2,-2
202,203,35,<pyews.server_abstractions.Configuration object at 0x0000018BF9830490>,11,36,-2,-2
203,204,35,<pyews.server_abstractions.Configuration object at 0x0000018BF9830490>,11,35,-2,-2
204,205,35,<pyews.server_abstractions.Configuration object at 0x0000018BF9830490>,11,37,-2,-2
205,206,35,<pyews.server_abstractions.Configuration object at 0x0000018BF9830490>,11,38,-2,-2
206,207,35,<pyews.server_abstractions.Configuration object at 0x0000018BF9830490>,11,36,-2,-2
207,208,35,<pyews.server_abstractions.Configuration object at 0x0000018BF9830490>,11,37,-2,-2
208,209,35,<pyews.server_abstractions.Configuration object at 0x0000018BF9830490>,11,36,-2,-2
209,210,35,<pyews.server_abstractions.Configuration object at 0x0000018BF9830490>,11,39,-2,-2
210,211,35,<pyews.server_abstractions.Configuration object at 0x0000018BF9830490>,11,37,-2,-2
211,212,35,<pyews.server_abstractions.Configuration object at 0x0000018BF9830490>,11,38,-2,-2
212,213,35,<pyews.server_abstractions.Configuration object at 0x0000018BF9830490>,11,39,-2,-2
213,214,35,<pyews.server_abstractions.Configuration object at 0x0000018BF9830490>,11,37,-2,-2
214,215,35,<pyews.server_abstractions.Configuration object at 0x0000018BF9830490>,11,38,-2,-2
215,216,35,<pyews.server_abstractions.Configuration object at 0x0000018BF9830490>,11,38,-2,-2
216,217,35,<pyews.server_abstractions.Configuration object at 0x0000018BF9830490>,11,38,-2,-2
217,218,35,<pyews.server_abstractions.Configuration object at 0x0000018BF9830490>,11,37,-2,-2
218,219,35,<pyews.server_abstractions.Configuration object at 0x0000018BF9830490>,11,37,-2,-2
219,220,35,<pyews.server_abstractions.Configuration object at 0x0000018BF9830490>,11,37,-2,-2
220,221,35,<pyews.server_abstractions.Configuration object at 0x0000018BF9830490>,11,38,-2,-2
221,222,35,<pyews.server_abstractions.Configuration object at 0x0000018BF9830490>,11,40,-2,-2
222,223,35,<pyews.server_abstractions.Configuration object at 0x0000018BF9830490>,11,37,-2,-2
223,224,35,<pyews.server_abstractions.Configuration object at 0x0000018BF9830490>,11,37,-2,-2
224,225,35,<pyews.server_abstractions.Configuration object at 0x0000018BF9830490>,11,37,-2,-2
225,226,35,<pyews.server_abstractions.Configuration object at 0x0000018BF9830490>,11,37,-2,-2
226,227,35,<pyews.server_abstractions.Configuration object at 0x0000018BF9830490>,11,37,-2,-2
227,228,35,<pyews.server_abstractions.Configuration object at 0x0000018BF9830490>,11,38,-2,-2
228,229,35,<pyews.server_abstractions.Configuration object at 0x0000018BF9830490>,11,37,-2,-2
229,230,35,<pyews.server_abstractions.Configuration object at 0x0000018BF9830490>,11,37,-2,-2
230,231,35,<pyews.server_abstractions.Configuration object at 0x0000018BF9830490>,11,37,-2,-2
231,232,0,<pyews.server_abstractions.Configuration object at 0x0000018BF34F4730>,1,36,-2,-2
232,233,0,<pyews.server_abstractions.Configuration object at 0x0000018BF34F4730>,1,36,-2,-2
233,234,0,<pyews.server_abstractions.Configuration object at 0x0000018BF34F4730>,1,36,-2,-2
234,235,0,<pyews.server_abstractions.Configuration object at 0x0000018BF34F4730>,1,40,-2,-2
235,236,0,<pyews.server_abstractions.Configuration object at 0x0000018BF34F4730>,1,38,-2,-2
236,237,0,<pyews.server_abstractions.Configuration object at 0x0000018BF34F4730>,1,37,-2,-2
237,238,0,<pyews.server_abstractions.Configuration object at 0x0000018BF34F4730>,1,36,-2,-2
238,239,0,<pyews.server_abstractions.Configuration object at 0x0000018BF34F4730>,1,39,-2,-2
239,240,0,<pyews.server_abstractions.Configuration object at 0x0000018BF34F4730>,1,36,-2,-2
240,241,0,<pyews.server_abstractions.Configuration object at 0x0000018BF34F4730>,1,38,-2,-2
241,242,0,<pyews.server_abstractions.Configuration object at 0x0000018BF34F4730>,1,36,-2,-2
242,243,0,<pyews.server_abstractions.Configuration object at 0x0000018BF34F4730>,1,38,-2,-2
243,244,0,<pyews.server_abstractions.Configuration object at 0x0000018BF34F4730>,1,38,-2,-2
244,245,0,<pyews.server_abstractions.Configuration object at 0x0000018BF34F4730>,1,37,-2,-2
245,246,0,<pyews.server_abstractions.Configuration object at 0x0000018BF34F4730>,1,35,-2,-2
246,247,0,<pyews.server_abstractions.Configuration object at 0x0000018BF34F4730>,1,36,-2,-2
247,248,0,<pyews.server_abstractions.Configuration object at 0x0000018BF34F4730>,1,37,-2,-2
248,249,35,<pyews.server_abstractions.Configuration object at 0x0000018BF9830490>,11,37,-2,-2
249,250,35,<pyews.server_abstractions.Configuration object at 0x0000018BF9830490>,11,37,-2,-2
250,251,35,<pyews.server_abstractions.Configuration object at 0x0000018BF9830490>,11,37,-2,-2
251,252,35,<pyews.server_abstractions.Configuration object at 0x0000018BF9830490>,11,38,-2,-2
252,253,35,<pyews.server_abstractions.Configuration object at 0x0000018BF9830490>,11,40,-2,-2
253,254,35,<pyews.server_abstractions.Configuration object at 0x0000018BF9830490>,11,37,-2,-2
254,255,35,<pyews.server_abstractions.Configuration object at 0x0000018BF9830490>,11,37,-2,-2
255,256,35,<pyews.server_abstractions.Configuration object at 0x0000018BF9830490>,11,37,-2,-2
256,257,35,<pyews.server_abstractions.Configuration object at 0x0000018BF9830490>,11,38,-2,-2
257,258,35,<pyews.server_abstractions.Configuration object at 0x0000018BF9830490>,11,36,-2,-2
258,259,35,<pyews.server_abstractions.Configuration object at 0x0000018BF9830490>,11,37,-2,-2
259,260,35,<pyews.server_abstractions.Configuration object at 0x0000018BF9830490>,11,36,-2,-2
260,261,35,<pyews.server_abstractions.Configuration object at 0x0000018BF9830490>,11,37,-2,-2
261,262,35,<pyews.server_abstractions.Configuration object at 0x0000018BF9830490>,11,37,-2,-2
262,263,35,<pyews.server_abstractions.Configuration object at 0x0000018BF9830490>,11,36,-2,-2
263,264,35,<pyews.server_abstractions.Configuration object at 0x0000018BF9830490>,11,38,-2,-2
264,265,35,<pyews.server_abstractions.Configuration object at 0x0000018BF9830490>,11,36,-2,-2
265,266,35,<pyews.server_abstractions.Configuration object at 0x0000018BF9830490>,11,37,-2,-2
266,267,35,<pyews.server_abstractions.Configuration object at 0x0000018BF9830490>,11,36,-2,-2
267,268,35,<pyews.server_abstractions.Configuration object at 0x0000018BF9830490>,11,37,-2,-2
268,269,35,<pyews.server_abstractions.Configuration object at 0x0000018BF9830490>,11,37,-2,-2
269,270,35,<pyews.server_abstractions.Configuration object at 0x0000018BF9830490>,11,37,-2,-2
270,271,35,<pyews.server_abstractions.Configuration object at 0x0000018BF9830490>,11,37,-2,-2
271,272,35,<pyews.server_abstractions.Configuration object at 0x0000018BF9830490>,11,38,-2,-2
272,273,35,<pyews.server_abstractions.Configuration object at 0x0000018BF9830490>,11,37,-2,-2
273,274,35,<pyews.server_abstractions.Configuration object at 0x0000018BF9830490>,11,35,-2,-2
274,275,35,<pyews.server_abstractions.Configuration object at 0x0000018BF9830490>,11,39,-2,-2
275,276,35,<pyews.server_abstractions.Configuration object at 0x0000018BF9830490>,11,36,-2,-2
276,277,35,<pyews.server_abstractions.Configuration object at 0x0000018BF9830490>,11,38,-2,-2
277,278,35,<pyews.server_abstractions.Configuration object at 0x0000018BF9830490>,11,36,-2,-2
278,279,35,<pyews.server_abstractions.Configuration object at 0x0000018BF9830490>,11,37,-2,-2
279,280,35,<pyews.server_abstractions.Configuration object at 0x0000018BF9830490>,11,37,-2,-2
280,281,35,<pyews.server_abstractions.Configuration object at 0x0000018BF9830490>,11,36,-2,-2
281,282,35,<pyews.server_abstractions.Configuration object at 0x0000018BF9830490>,11,37,-2,-2
282,283,35,<pyews.server_abstractions.Configuration object at 0x0000018BF9830490>,11,38,-2,-2
283,284,35,<pyews.server_abstractions.Configuration object at 0x0000018BF9830490>,11,36,-2,-2
284,285,35,<pyews.server_abstractions.Configuration object at 0x0000018BF9830490>,11,37,-2,-2
285,286,35,<pyews.server_abstractions.Configuration object at 0x0000018BF9830490>,11,37,-2,-2
286,287,35,<pyews.server_abstractions.Configuration object at 0x0000018BF9830490>,11,38,-2,-2
287,288,35,<pyews.server_abstractions.Configuration object at 0x0000018BF9830490>,11,38,-2,-2
288,289,35,<pyews.server_abstractions.Configuration object at 0x0000018BF9830490>,11,36,-2,-2
289,290,35,<pyews.server_abstractions.Configuration object at 0x0000018BF9830490>,11,38,-2,-2
290,291,35,<pyews.server_abstractions.Configuration object at 0x0000018BF9830490>,11,36,-2,-2
291,292,35,<pyews.server_abstractions.Configuration object at 0x0000018BF9830490>,11,38,-2,-2
292,293,35,<pyews.server_abstractions.Configuration object at 0x0000018BF9830490>,11,36,-2,-2
293,294,35,<pyews.server_abstractions.Configuration object at 0x0000018BF9830490>,11,37,-2,-2
294,295,35,<pyews.server_abstractions.Configuration object at 0x0000018BF9830490>,11,37,-2,-2
295,296,35,<pyews.server_abstractions.Configuration object at 0x0000018BF9830490>,11,37,-2,-2
296,297,35,<pyews.server_abstractions.Configuration object at 0x0000018BF9830490>,11,37,-2,-2
297,298,0,<pyews.server_abstractions.Configuration object at 0x0000018BF34F4730>,1,37,-2,-2
298,299,0,<pyews.server_abstractions.Configuration object at 0x0000018BF34F4730>,1,37,-2,-2
299,300,0,<pyews.server_abstractions.Configuration object at 0x0000018BF34F4730>,1,37,-2,-2
300,301,0,<pyews.server_abstractions.Configuration object at 0x0000018BF34F4730>,1,39,-2,-2
301,302,0,<pyews.server_abstractions.Configuration object at 0x0000018BF34F4730>,1,37,-2,-2
302,303,0,<pyews.server_abstractions.Configuration object at 0x0000018BF34F4730>,1,36,-2,-2
303,304,0,<pyews.server_abstractions.Configuration object at 0x0000018BF34F4730>,1,38,-2,-2
304,305,0,<pyews.server_abstractions.Configuration object at 0x0000018BF34F4730>,1,38,-2,-2
305,306,0,<pyews.server_abstractions.Configuration object at 0x0000018BF34F4730>,1,36,-2,-2
306,307,0,<pyews.server_abstractions.Configuration object at 0x0000018BF34F4730>,1,36,-2,-2
307,308,0,<pyews.server_abstractions.Configuration object at 0x0000018BF34F4730>,1,32,-2,-2
308,309,0,<pyews.server_abstractions.Configuration object at 0x0000018BF34F4730>,1,36,-2,-2
309,310,0,<pyews.server_abstractions.Configuration object at 0x0000018BF34F4730>,1,40,-2,-2
310,311,0,<pyews.server_abstractions.Configuration object at 0x0000018BF34F4730>,1,37,-2,-2
311,312,0,<pyews.server_abstractions.Configuration object at 0x0000018BF34F4730>,1,36,-2,-2
312,313,0,<pyews.server_abstractions.Configuration object at 0x0000018BF34F4730>,1,35,-2,-2
313,314,0,<pyews.server_abstractions.Configuration object at 0x0000018BF34F4730>,1,35,-2,-2
314,315,0,<pyews.server_abstractions.Configuration object at 0x0000018BF34F4730>,1,37,-2,-2
315,316,0,<pyews.server_abstractions.Configuration object at 0x0000018BF34F4730>,1,35,-2,-2
316,317,0,<pyews.server_abstractions.Configuration object at 0x0000018BF34F4730>,1,36,-2,-2
317,318,0,<pyews.server_abstractions.Configuration object at 0x0000018BF34F4730>,1,35,-2,-2
318,319,0,<pyews.server_abstractions.Configuration object at 0x0000018BF34F4730>,1,36,-2,-2
319,320,0,<pyews.server_abstractions.Configuration object at 0x0000018BF34F4730>,1,36,-2,-2
320,321,35,<pyews.server_abstractions.Configuration object at 0x0000018BF9830490>,11,34,-2,-2
321,322,35,<pyews.server_abstractions.Configuration object at 0x0000018BF9830490>,11,36,-2,-2
322,323,35,<pyews.server_abstractions.Configuration object at 0x0000018BF9830490>,11,36,-2,-2
323,324,35,<pyews.server_abstractions.Configuration object at 0x0000018BF9830490>,11,37,-2,-2
324,325,35,<pyews.server_abstractions.Configuration object at 0x0000018BF9830490>,11,36,-2,-2
325,326,35,<pyews.server_abstractions.Configuration object at 0x0000018BF9830490>,11,36,-2,-2
326,327,35,<pyews.server_abstractions.Configuration object at 0x0000018BF9830490>,11,38,-2,-2
327,328,35,<pyews.server_abstractions.Configuration object at 0x0000018BF9830490>,11,37,-2,-2
328,329,35,<pyews.server_abstractions.Configuration object at 0x0000018BF9830490>,11,38,-2,-2
329,330,35,<pyews.server_abstractions.Configuration object at 0x0000018BF9830490>,11,36,-2,-2
330,331,35,<pyews.server_abstractions.Configuration object at 0x0000018BF9830490>,11,37,-2,-2
331,332,35,<pyews.server_abstractions.Configuration object at 0x0000018BF9830490>,11,36,-2,-2
332,333,35,<pyews.server_abstractions.Configuration object at 0x0000018BF9830490>,11,36,-2,-2
333,334,35,<pyews.server_abstractions.Configuration object at 0x0000018BF9830490>,11,35,-2,-2
334,335,35,<pyews.server_abstractions.Configuration object at 0x0000018BF9830490>,11,36,-2,-2
335,336,35,<pyews.server_abstractions.Configuration object at 0x0000018BF9830490>,11,37,-2,-2
336,337,35,<pyews.server_abstractions.Configuration object at 0x0000018BF9830490>,11,35,-2,-2
337,338,35,<pyews.server_abstractions.Configuration object at 0x0000018BF9830490>,11,36,-2,-2
338,339,35,<pyews.server_abstractions.Configuration object at 0x0000018BF9830490>,11,36,-2,-2
339,340,35,<pyews.server_abstractions.Configuration object at 0x0000018BF9830490>,11,35,-2,-2
340,341,35,<pyews.server_abstractions.Configuration object at 0x0000018BF9830490>,11,37,-2,-2
341,342,35,<pyews.server_abstractions.Configuration object at 0x0000018BF9830490>,11,36,-2,-2
342,343,35,<pyews.server_abstractions.Configuration object at 0x0000018BF9830490>,11,37,-2,-2
343,344,35,<pyews.server_abstractions.Configuration object at 0x0000018BF9830490>,11,37,-2,-2
344,345,35,<pyews.server_abstractions.Configuration object at 0x0000018BF9830490>,11,35,-2,-2
345,346,0,<pyews.server_abstractions.Configuration object at 0x0000018BF34F4730>,1,36,-2,-2
346,347,0,<pyews.server_abstractions.Configuration object at 0x0000018BF34F4730>,1,37,-2,-2
347,348,0,<pyews.server_abstractions.Configuration object at 0x0000018BF34F4730>,1,35,-2,-2
348,349,36,<pyews.server_abstractions.Configuration object at 0x0000018BF34F54B0>,10,35,-2,-2
349,350,36,<pyews.server_abstractions.Configuration object at 0x0000018BF34F54B0>,10,35,-2,-2
350,351,36,<pyews.server_abstractions.Configuration object at 0x0000018BF34F54B0>,10,36,-2,-2
351,352,36,<pyews.server_abstractions.Configuration object at 0x0000018BF34F54B0>,10,36,-2,-2
352,353,35,<pyews.server_abstractions.Configuration object at 0x0000018BF9830490>,11,37,-2,-2
353,354,35,<pyews.server_abstractions.Configuration object at 0x0000018BF9830490>,11,38,-2,-2
354,355,35,<pyews.server_abstractions.Configuration object at 0x0000018BF9830490>,11,37,-2,-2
355,356,35,<pyews.server_abstractions.Configuration object at 0x0000018BF9830490>,11,36,-2,-2
356,357,35,<pyews.server_abstractions.Configuration object at 0x0000018BF9830490>,11,36,-2,-2
357,358,35,<pyews.server_abstractions.Configuration object at 0x0000018BF9830490>,11,37,-2,-2
358,359,35,<pyews.server_abstractions.Configuration object at 0x0000018BF9830490>,11,36,-2,-2
359,360,35,<pyews.server_abstractions.Configuration object at 0x0000018BF9830490>,11,36,-2,-2
360,361,35,<pyews.server_abstractions.Configuration object at 0x0000018BF9830490>,11,37,-2,-2
361,362,35,<pyews.server_abstractions.Configuration object at 0x0000018BF9830490>,11,38,-2,-2
362,363,35,<pyews.server_abstractions.Configuration object at 0x0000018BF9830490>,11,37,-2,-2
363,364,35,<pyews.server_abstractions.Configuration object at 0x0000018BF9830490>,11,35,-2,-2
364,365,35,<pyews.server_abstractions.Configuration object at 0x0000018BF9830490>,11,36,-2,-2
365,366,35,<pyews.server_abstractions.Configuration object at 0x0000018BF9830490>,11,37,-2,-2
366,367,35,<pyews.server_abstractions.Configuration object at 0x0000018BF9830490>,11,38,-2,-2
367,368,35,<pyews.server_abstractions.Configuration object at 0x0000018BF9830490>,11,35,-2,-2
368,369,0,<pyews.server_abstractions.Configuration object at 0x0000018BF34F4730>,1,35,-2,-2
369,370,35,<pyews.server_abstractions.Configuration object at 0x0000018BF9830490>,11,36,-2,-2
370,371,35,<pyews.server_abstractions.Configuration object at 0x0000018BF9830490>,11,38,-2,-2
371,372,35,<pyews.server_abstractions.Configuration object at 0x0000018BF9830490>,11,37,-2,-2
372,373,35,<pyews.server_abstractions.Configuration object at 0x0000018BF9830490>,11,35,-2,-2
373,374,0,<pyews.server_abstractions.Configuration object at 0x0000018BF34F4730>,1,37,-2,-2
374,375,35,<pyews.server_abstractions.Configuration object at 0x0000018BF9830490>,11,35,-2,-2
375,376,0,<pyews.server_abstractions.Configuration object at 0x0000018BF34F4730>,1,35,-2,-2
376,377,35,<pyews.server_abstractions.Configuration object at 0x0000018BF9830490>,11,34,-2,-2
377,378,35,<pyews.server_abstractions.Configuration object at 0x0000018BF9830490>,11,36,-2,-2
378,379,0,<pyews.server_abstractions.Configuration object at 0x0000018BF34F4730>,1,34,-2,-2
379,380,0,<pyews.server_abstractions.Configuration object at 0x0000018BF34F4730>,1,36,-2,-2
380,381,0,<pyews.server_abstractions.Configuration object at 0x0000018BF34F4730>,1,35,-2,-2
381,382,0,<pyews.server_abstractions.Configuration object at 0x0000018BF34F4730>,1,36,-2,-2
382,383,0,<pyews.server_abstractions.Configuration object at 0x0000018BF34F4730>,1,34,-2,-2
383,384,0,<pyews.server_abstractions.Configuration object at 0x0000018BF34F4730>,1,37,-2,-2
384,385,0,<pyews.server_abstractions.Configuration object at 0x0000018BF34F4730>,1,36,-2,-2
385,386,0,<pyews.server_abstractions.Configuration object at 0x0000018BF34F4730>,1,35,-2,-2
386,387,0,<pyews.server_abstractions.Configuration object at 0x0000018BF34F4730>,1,35,-2,-2
387,388,0,<pyews.server_abstractions.Configuration object at 0x0000018BF34F4730>,1,37,-2,-2
388,389,0,<pyews.server_abstractions.Configuration object at 0x0000018BF34F4730>,1,36,-2,-2
389,390,0,<pyews.server_abstractions.Configuration object at 0x0000018BF34F4730>,1,35,-2,-2
390,391,0,<pyews.server_abstractions.Configuration object at 0x0000018BF34F4730>,1,36,-2,-2
391,392,0,<pyews.server_abstractions.Configuration object at 0x0000018BF34F4730>,1,35,-2,-2
392,393,0,<pyews.server_abstractions.Configuration object at 0x0000018BF34F4730>,1,35,-2,-2
393,394,0,<pyews.server_abstractions.Configuration object at 0x0000018BF34F4730>,1,37,-2,-2
394,395,0,<pyews.server_abstractions.Configuration object at 0x0000018BF34F4730>,1,37,-2,-2
395,396,0,<pyews.server_abstractions.Configuration object at 0x0000018BF34F4730>,1,35,-2,-2
396,397,0,<pyews.server_abstractions.Configuration object at 0x0000018BF34F4730>,1,36,-2,-2
397,398,0,<pyews.server_abstractions.Configuration object at 0x0000018BF34F4730>,1,36,-2,-2
398,399,0,<pyews.server_abstractions.Configuration object at 0x0000018BF34F4730>,1,35,-2,-2
399,400,0,<pyews.server_abstractions.Configuration object at 0x0000018BF34F4730>,1,34,-2,-2
400,401,0,<pyews.server_abstractions.Configuration object at 0x0000018BF34F4730>,1,36,-2,-2
401,402,35,<pyews.server_abstractions.Configuration object at 0x0000018BF9830490>,11,35,-2,-2
402,403,35,<pyews.server_abstractions.Configuration object at 0x0000018BF9830490>,11,36,-2,-2
403,404,35,<pyews.server_abstractions.Configuration object at 0x0000018BF9830490>,11,35,-2,-2
404,405,35,<pyews.server_abstractions.Configuration object at 0x0000018BF9830490>,11,35,-2,-2
405,406,35,<pyews.server_abstractions.Configuration object at 0x0000018BF9830490>,11,37,-2,-2
406,407,35,<pyews.server_abstractions.Configuration object at 0x0000018BF9830490>,11,38,-2,-2
407,408,35,<pyews.server_abstractions.Configuration object at 0x0000018BF9830490>,11,35,-2,-2
408,409,35,<pyews.server_abstractions.Configuration object at 0x0000018BF9830490>,11,35,-2,-2
409,410,35,<pyews.server_abstractions.Configuration object at 0x0000018BF9830490>,11,36,-2,-2
410,411,35,<pyews.server_abstractions.Configuration object at 0x0000018BF9830490>,11,36,-2,-2
411,412,35,<pyews.server_abstractions.Configuration object at 0x0000018BF9830490>,11,36,-2,-2
412,413,35,<pyews.server_abstractions.Configuration object at 0x0000018BF9830490>,11,35,-2,-2
413,414,35,<pyews.server_abstractions.Configuration object at 0x0000018BF9830490>,11,37,-2,-2
414,415,35,<pyews.server_abstractions.Configuration object at 0x0000018BF9830490>,11,37,-2,-2
415,416,35,<pyews.server_abstractions.Configuration object at 0x0000018BF9830490>,11,38,-2,-2
416,417,35,<pyews.server_abstractions.Configuration object at 0x0000018BF9830490>,11,37,-2,-2
417,418,35,<pyews.server_abstractions.Configuration object at 0x0000018BF9830490>,11,37,-2,-2
418,419,35,<pyews.server_abstractions.Configuration object at 0x0000018BF9830490>,11,36,-2,-2
419,420,35,<pyews.server_abstractions.Configuration object at 0x0000018BF9830490>,11,37,-2,-2
420,421,35,<pyews.server_abstractions.Configuration object at 0x0000018BF9830490>,11,37,-2,-2
421,422,35,<pyews.server_abstractions.Configuration object at 0x0000018BF9830490>,11,35,-2,-2
422,423,35,<pyews.server_abstractions.Configuration object at 0x0000018BF9830490>,11,35,-2,-2
423,424,35,<pyews.server_abstractions.Configuration object at 0x0000018BF9830490>,11,37,-2,-2
424,425,35,<pyews.server_abstractions.Configuration object at 0x0000018BF9830490>,11,37,-2,-2
425,426,35,<pyews.server_abstractions.Configuration object at 0x0000018BF9830490>,11,36,-2,-2
426,427,35,<pyews.server_abstractions.Configuration object at 0x0000018BF9830490>,11,34,-2,-2
427,428,11,<pyews.server_abstractions.Configuration object at 0x0000018BF344FD90>,13,33,-2,-2
428,429,11,<pyews.server_abstractions.Configuration object at 0x0000018BF344FD90>,13,33,-2,-2
429,430,11,<pyews.server_abstractions.Configuration object at 0x0000018BF344FD90>,13,33,-2,-2
430,431,11,<pyews.server_abstractions.Configuration object at 0x0000018BF344FD90>,13,34,-2,-2
431,432,11,<pyews.server_abstractions.Configuration object at 0x0000018BF344FD90>,13,34,-2,-2
432,433,11,<pyews.server_abstractions.Configuration object at 0x0000018BF344FD90>,13,35,-2,-2
433,434,11,<pyews.server_abstractions.Configuration object at 0x0000018BF344FD90>,13,35,-2,-2
434,435,11,<pyews.server_abstractions.Configuration object at 0x0000018BF344FD90>,13,34,-2,-2
435,436,11,<pyews.server_abstractions.Configuration object at 0x0000018BF344FD90>,13,33,-2,-2
436,437,11,<pyews.server_abstractions.Configuration object at 0x0000018BF344FD90>,13,35,-2,-2
437,438,11,<pyews.server_abstractions.Configuration object at 0x0000018BF344FD90>,13,35,-2,-2
438,439,11,<pyews.server_abstractions.Configuration object at 0x0000018BF344FD90>,13,37,-2,-2
439,440,11,<pyews.server_abstractions.Configuration object at 0x0000018BF344FD90>,13,35,-2,-2
440,441,11,<pyews.server_abstractions.Configuration object at 0x0000018BF344FD90>,13,33,-2,-2
441,442,11,<pyews.server_abstractions.Configuration object at 0x0000018BF344FD90>,13,33,-2,-2
442,443,0,<pyews.server_abstractions.Configuration object at 0x0000018BF34F4730>,1,34,-2,-2
443,444,0,<pyews.server_abstractions.Configuration object at 0x0000018BF34F4730>,1,35,-2,-2
444,445,0,<pyews.server_abstractions.Configuration object at 0x0000018BF34F4730>,1,37,-2,-2
445,446,0,<pyews.server_abstractions.Configuration object at 0x0000018BF34F4730>,1,36,-2,-2
446,447,0,<pyews.server_abstractions.Configuration object at 0x0000018BF34F4730>,1,37,-2,-2
447,448,0,<pyews.server_abstractions.Configuration object at 0x0000018BF34F4730>,1,36,-2,-2
448,449,0,<pyews.server_abstractions.Configuration object at 0x0000018BF34F4730>,1,33,-2,-2
449,450,0,<pyews.server_abstractions.Configuration object at 0x0000018BF34F4730>,1,37,-2,-2
450,451,0,<pyews.server_abstractions.Configuration object at 0x0000018BF34F4730>,1,36,-2,-2
451,452,0,<pyews.server_abstractions.Configuration object at 0x0000018BF34F4730>,1,33,-2,-2
452,453,0,<pyews.server_abstractions.Configuration object at 0x0000018BF34F4730>,1,40,-2,-2
453,454,0,<pyews.server_abstractions.Configuration object at 0x0000018BF34F4730>,1,35,-2,-2
454,455,0,<pyews.server_abstractions.Configuration object at 0x0000018BF34F4730>,1,35,-2,-2
455,456,0,<pyews.server_abstractions.Configuration object at 0x0000018BF34F4730>,1,37,-2,-2
456,457,0,<pyews.server_abstractions.Configuration object at 0x0000018BF34F4730>,1,36,-2,-2
457,458,0,<pyews.server_abstractions.Configuration object at 0x0000018BF34F4730>,1,33,-2,-2
458,459,0,<pyews.server_abstractions.Configuration object at 0x0000018BF34F4730>,1,37,-2,-2
459,460,0,<pyews.server_abstractions.Configuration object at 0x0000018BF34F4730>,1,35,-2,-2
460,461,0,<pyews.server_abstractions.Configuration object at 0x0000018BF34F4730>,1,35,-2,-2
461,462,0,<pyews.server_abstractions.Configuration object at 0x0000018BF34F4730>,1,37,-2,-2
462,463,0,<pyews.server_abstractions.Configuration object at 0x0000018BF34F4730>,1,35,-2,-2
463,464,0,<pyews.server_abstractions.Configuration object at 0x0000018BF34F4730>,1,34,-2,-2
464,465,0,<pyews.server_abstractions.Configuration object at 0x0000018BF34F4730>,1,34,-2,-2
465,466,0,<pyews.server_abstractions.Configuration object at 0x0000018BF34F4730>,1,36,-2,-2
466,467,0,<pyews.server_abstractions.Configuration object at 0x0000018BF34F4730>,1,37,-2,-2
467,468,0,<pyews.server_abstractions.Configuration object at 0x0000018BF34F4730>,1,37,-2,-2
468,469,0,<pyews.server_abstractions.Configuration object at 0x0000018BF34F4730>,1,37,-2,-2
469,470,0,<pyews.server_abstractions.Configuration object at 0x0000018BF34F4730>,1,36,-2,-2
470,471,35,<pyews.server_abstractions.Configuration object at 0x0000018BF9830490>,11,34,-2,-2
471,472,35,<pyews.server_abstractions.Configuration object at 0x0000018BF9830490>,11,37,-2,-2
472,473,35,<pyews.server_abstractions.Configuration object at 0x0000018BF9830490>,11,35,-2,-2
473,474,35,<pyews.server_abstractions.Configuration object at 0x0000018BF9830490>,11,35,-2,-2
474,475,35,<pyews.server_abstractions.Configuration object at 0x0000018BF9830490>,11,35,-2,-2
475,476,35,<pyews.server_abstractions.Configuration object at 0x0000018BF9830490>,11,34,-2,-2
476,477,35,<pyews.server_abstractions.Configuration object at 0x0000018BF9830490>,11,35,-2,-2
477,478,0,<pyews.server_abstractions.Configuration object at 0x0000018BF34F4730>,1,36,-2,-2
478,479,35,<pyews.server_abstractions.Configuration object at 0x0000018BF9830490>,11,36,-2,-2
479,480,35,<pyews.server_abstractions.Configuration object at 0x0000018BF9830490>,11,36,-2,-2
480,481,0,<pyews.server_abstractions.Configuration object at 0x0000018BF34F4730>,1,35,-2,-2
481,482,35,<pyews.server_abstractions.Configuration object at 0x0000018BF9830490>,11,35,-2,-2
482,483,0,<pyews.server_abstractions.Configuration object at 0x0000018BF34F4730>,1,36,-2,-2
483,484,35,<pyews.server_abstractions.Configuration object at 0x0000018BF9830490>,11,35,-2,-2
484,485,0,<pyews.server_abstractions.Configuration object at 0x0000018BF34F4730>,1,35,-2,-2
485,486,20,<pyews.server_abstractions.Configuration object at 0x0000018BF34E60B0>,25,37,-2,-2
486,487,20,<pyews.server_abstractions.Configuration object at 0x0000018BF34E60B0>,25,35,-2,-2
487,488,20,<pyews.server_abstractions.Configuration object at 0x0000018BF34E60B0>,25,36,-2,-2
488,489,35,<pyews.server_abstractions.Configuration object at 0x0000018BF9830490>,11,35,-2,-2
489,490,35,<pyews.server_abstractions.Configuration object at 0x0000018BF9830490>,11,35,-2,-2
490,491,35,<pyews.server_abstractions.Configuration object at 0x0000018BF9830490>,11,36,-2,-2
491,492,35,<pyews.server_abstractions.Configuration object at 0x0000018BF9830490>,11,35,-2,-2
492,493,35,<pyews.server_abstractions.Configuration object at 0x0000018BF9830490>,11,38,-2,-2
493,494,35,<pyews.server_abstractions.Configuration object at 0x0000018BF9830490>,11,35,-2,-2
494,495,35,<pyews.server_abstractions.Configuration object at 0x0000018BF9830490>,11,34,-2,-2
495,496,35,<pyews.server_abstractions.Configuration object at 0x0000018BF9830490>,11,36,-2,-2
496,497,35,<pyews.server_abstractions.Configuration object at 0x0000018BF9830490>,11,36,-2,-2
497,498,35,<pyews.server_abstractions.Configuration object at 0x0000018BF9830490>,11,35,-2,-2
498,499,35,<pyews.server_abstractions.Configuration object at 0x0000018BF9830490>,11,36,-2,-2
499,500,35,<pyews.server_abstractions.Configuration object at 0x0000018BF9830490>,11,35,-2,-2
500,501,35,<pyews.server_abstractions.Configuration object at 0x0000018BF9830490>,11,35,-2,-2
501,502,35,<pyews.server_abstractions.Configuration object at 0x0000018BF9830490>,11,36,-2,-2
502,503,0,<pyews.server_abstractions.Configuration object at 0x0000018BF34F4730>,1,35,-2,-2
503,504,0,<pyews.server_abstractions.Configuration object at 0x0000018BF34F4730>,1,36,-2,-2
504,505,0,<pyews.server_abstractions.Configuration object at 0x0000018BF34F4730>,1,37,-2,-2
505,506,0,<pyews.server_abstractions.Configuration object at 0x0000018BF34F4730>,1,35,-2,-2
506,507,0,<pyews.server_abstractions.Configuration object at 0x0000018BF34F4730>,1,37,-2,-2
507,508,0,<pyews.server_abstractions.Configuration object at 0x0000018BF34F4730>,1,35,-2,-2
508,509,0,<pyews.server_abstractions.Configuration object at 0x0000018BF34F4730>,1,36,-2,-2
509,510,0,<pyews.server_abstractions.Configuration object at 0x0000018BF34F4730>,1,36,-2,-2
510,511,0,<pyews.server_abstractions.Configuration object at 0x0000018BF34F4730>,1,35,-2,-2
511,512,0,<pyews.server_abstractions.Configuration object at 0x0000018BF34F4730>,1,37,-2,-2
512,513,0,<pyews.server_abstractions.Configuration object at 0x0000018BF34F4730>,1,38,-2,-2
513,514,0,<pyews.server_abstractions.Configuration object at 0x0000018BF34F4730>,1,38,-2,-2
514,515,0,<pyews.server_abstractions.Configuration object at 0x0000018BF34F4730>,1,40,-2,-2
515,516,0,<pyews.server_abstractions.Configuration object at 0x0000018BF34F4730>,1,37,-2,-2
516,517,0,<pyews.server_abstractions.Configuration object at 0x0000018BF34F4730>,1,39,-2,-2
517,518,0,<pyews.server_abstractions.Configuration object at 0x0000018BF34F4730>,1,38,-2,-2
518,519,0,<pyews.server_abstractions.Configuration object at 0x0000018BF34F4730>,1,37,-2,-2
519,520,0,<pyews.server_abstractions.Configuration object at 0x0000018BF34F4730>,1,37,-2,-2
520,521,0,<pyews.server_abstractions.Configuration object at 0x0000018BF34F4730>,1,35,-2,-2
521,522,0,<pyews.server_abstractions.Configuration object at 0x0000018BF34F4730>,1,37,-2,-2
522,523,0,<pyews.server_abstractions.Configuration object at 0x0000018BF34F4730>,1,36,-2,-2
523,524,35,<pyews.server_abstractions.Configuration object at 0x0000018BF9830490>,11,36,-2,-2
524,525,0,<pyews.server_abstractions.Configuration object at 0x0000018BF34F4730>,1,36,-2,-2
525,526,35,<pyews.server_abstractions.Configuration object at 0x0000018BF9830490>,11,35,-2,-2
526,527,35,<pyews.server_abstractions.Configuration object at 0x0000018BF9830490>,11,38,-2,-2
527,528,35,<pyews.server_abstractions.Configuration object at 0x0000018BF9830490>,11,37,-2,-2
528,529,35,<pyews.server_abstractions.Configuration object at 0x0000018BF9830490>,11,36,-2,-2
529,530,35,<pyews.server_abstractions.Configuration object at 0x0000018BF9830490>,11,37,-2,-2
530,531,35,<pyews.server_abstractions.Configuration object at 0x0000018BF9830490>,11,36,-2,-2
531,532,35,<pyews.server_abstractions.Configuration object at 0x0000018BF9830490>,11,38,-2,-2
532,533,35,<pyews.server_abstractions.Configuration object at 0x0000018BF9830490>,11,36,-2,-2
533,534,35,<pyews.server_abstractions.Configuration object at 0x0000018BF9830490>,11,36,-2,-2
534,535,35,<pyews.server_abstractions.Configuration object at 0x0000018BF9830490>,11,38,-2,-2
535,536,35,<pyews.server_abstractions.Configuration object at 0x0000018BF9830490>,11,36,-2,-2
536,537,35,<pyews.server_abstractions.Configuration object at 0x0000018BF9830490>,11,38,-2,-2
537,538,35,<pyews.server_abstractions.Configuration object at 0x0000018BF9830490>,11,37,-2,-2
538,539,35,<pyews.server_abstractions.Configuration object at 0x0000018BF9830490>,11,36,-2,-2
539,540,35,<pyews.server_abstractions.Configuration object at 0x0000018BF9830490>,11,38,-2,-2
540,541,35,<pyews.server_abstractions.Configuration object at 0x0000018BF9830490>,11,38,-2,-2
541,542,35,<pyews.server_abstractions.Configuration object at 0x0000018BF9830490>,11,38,-2,-2
542,543,35,<pyews.server_abstractions.Configuration object at 0x0000018BF9830490>,11,38,-2,-2
543,544,35,<pyews.server_abstractions.Configuration object at 0x0000018BF9830490>,11,37,-2,-2
544,545,35,<pyews.server_abstractions.Configuration object at 0x0000018BF9830490>,11,37,-2,-2
545,546,0,<pyews.server_abstractions.Configuration object at 0x0000018BF34F4730>,1,34,-2,-2
546,547,35,<pyews.server_abstractions.Configuration object at 0x0000018BF9830490>,11,35,-2,-2
547,548,35,<pyews.server_abstractions.Configuration object at 0x0000018BF9830490>,11,38,-2,-2
548,549,35,<pyews.server_abstractions.Configuration object at 0x0000018BF9830490>,11,36,-2,-2
549,550,35,<pyews.server_abstractions.Configuration object at 0x0000018BF9830490>,11,38,-2,-2
550,551,35,<pyews.server_abstractions.Configuration object at 0x0000018BF9830490>,11,37,-2,-2
551,552,35,<pyews.server_abstractions.Configuration object at 0x0000018BF9830490>,11,34,-2,-2
552,553,35,<pyews.server_abstractions.Configuration object at 0x0000018BF9830490>,11,36,-2,-2
553,554,35,<pyews.server_abstractions.Configuration object at 0x0000018BF9830490>,11,36,-2,-2
554,555,35,<pyews.server_abstractions.Configuration object at 0x0000018BF9830490>,11,37,-2,-2
555,556,35,<pyews.server_abstractions.Configuration object at 0x0000018BF9830490>,11,38,-2,-2
556,557,35,<pyews.server_abstractions.Configuration object at 0x0000018BF9830490>,11,37,-2,-2
557,558,35,<pyews.server_abstractions.Configuration object at 0x0000018BF9830490>,11,36,-2,-2
558,559,35,<pyews.server_abstractions.Configuration object at 0x0000018BF9830490>,11,38,-2,-2
559,560,35,<pyews.server_abstractions.Configuration object at 0x0000018BF9830490>,11,36,-2,-2
560,561,35,<pyews.server_abstractions.Configuration object at 0x0000018BF9830490>,11,37,-2,-2
561,562,35,<pyews.server_abstractions.Configuration object at 0x0000018BF9830490>,11,38,-2,-2
562,563,35,<pyews.server_abstractions.Configuration object at 0x0000018BF9830490>,11,38,-2,-2
563,564,35,<pyews.server_abstractions.Configuration object at 0x0000018BF9830490>,11,37,-2,-2
564,565,35,<pyews.server_abstractions.Configuration object at 0x0000018BF9830490>,11,36,-2,-2
565,566,35,<pyews.server_abstractions.Configuration object at 0x0000018BF9830490>,11,39,-2,-2
566,567,35,<pyews.server_abstractions.Configuration object at 0x0000018BF9830490>,11,38,-2,-2
567,568,35,<pyews.server_abstractions.Configuration object at 0x0000018BF9830490>,11,36,-2,-2
568,569,35,<pyews.server_abstractions.Configuration object at 0x0000018BF9830490>,11,37,-2,-2
569,570,35,<pyews.server_abstractions.Configuration object at 0x0000018BF9830490>,11,36,-2,-2
570,571,35,<pyews.server_abstractions.Configuration object at 0x0000018BF9830490>,11,39,-2,-2
571,572,35,<pyews.server_abstractions.Configuration object at 0x0000018BF9830490>,11,37,-2,-2
572,573,35,<pyews.server_abstractions.Configuration object at 0x0000018BF9830490>,11,36,-2,-2
573,574,35,<pyews.server_abstractions.Configuration object at 0x0000018BF9830490>,11,37,-2,-2
574,575,35,<pyews.server_abstractions.Configuration object at 0x0000018BF9830490>,11,37,-2,-2
575,576,35,<pyews.server_abstractions.Configuration object at 0x0000018BF9830490>,11,37,-2,-2
576,577,0,<pyews.server_abstractions.Configuration object at 0x0000018BF34F4730>,1,36,-2,-2
577,578,35,<pyews.server_abstractions.Configuration object at 0x0000018BF9830490>,11,37,-2,-2
578,579,35,<pyews.server_abstractions.Configuration object at 0x0000018BF9830490>,11,38,-2,-2
579,580,35,<pyews.server_abstractions.Configuration object at 0x0000018BF9830490>,11,36,-2,-2
580,581,0,<pyews.server_abstractions.Configuration object at 0x0000018BF34F4730>,1,37,-2,-2
581,582,35,<pyews.server_abstractions.Configuration object at 0x0000018BF9830490>,11,36,-2,-2
582,583,35,<pyews.server_abstractions.Configuration object at 0x0000018BF9830490>,11,36,-2,-2
583,584,0,<pyews.server_abstractions.Configuration object at 0x0000018BF34F4730>,1,35,-2,-2
584,585,0,<pyews.server_abstractions.Configuration object at 0x0000018BF34F4730>,1,36,-2,-2
585,586,0,<pyews.server_abstractions.Configuration object at 0x0000018BF34F4730>,1,36,-2,-2
586,587,0,<pyews.server_abstractions.Configuration object at 0x0000018BF34F4730>,1,37,-2,-2
587,588,0,<pyews.server_abstractions.Configuration object at 0x0000018BF34F4730>,1,37,-2,-2
588,589,20,<pyews.server_abstractions.Configuration object at 0x0000018BF34E60B0>,25,35,-2,-2
589,590,20,<pyews.server_abstractions.Configuration object at 0x0000018BF34E60B0>,25,36,-2,-2
590,591,20,<pyews.server_abstractions.Configuration object at 0x0000018BF34E60B0>,25,36,-2,-2
591,592,20,<pyews.server_abstractions.Configuration object at 0x0000018BF34E60B0>,25,37,-2,-2
592,593,0,<pyews.server_abstractions.Configuration object at 0x0000018BF34F4730>,1,34,-2,-2
593,594,35,<pyews.server_abstractions.Configuration object at 0x0000018BF9830490>,11,39,-2,-2
594,595,35,<pyews.server_abstractions.Configuration object at 0x0000018BF9830490>,11,38,-2,-2
595,596,35,<pyews.server_abstractions.Configuration object at 0x0000018BF9830490>,11,37,-2,-2
596,597,35,<pyews.server_abstractions.Configuration object at 0x0000018BF9830490>,11,37,-2,-2
597,598,35,<pyews.server_abstractions.Configuration object at 0x0000018BF9830490>,11,36,-2,-2
598,599,35,<pyews.server_abstractions.Configuration object at 0x0000018BF9830490>,11,37,-2,-2
599,600,35,<pyews.server_abstractions.Configuration object at 0x0000018BF9830490>,11,38,-2,-2
